#exp,kendall-tau,p-value
rm31,0.66666666666666696,5.0185679074137632e-06
rm32,0.63768115942029013,1.2678889677282603e-05
rm34,0.65217391304347849,8.0146416809932223e-06
rm35,0.66666666666666696,5.0185679074137632e-06
rm50,0.63768115942029013,1.2678889677282603e-05
rm51,0.63768115942029013,1.2678889677282603e-05
